timestamp,c_ip,uri_stem,user_agent,bytes_sent,method
2025-09-29 10:14:00,198.51.100.25,/reviews/uploads/image.jpg.php,UA-sintetico,800000,POST
2025-09-29 10:15:00,198.51.100.25,/reviews/uploads/image.jpg.php,UA-sintetico,800000,POST
2025-09-29 10:16:00,198.51.100.25,/reviews/uploads/image.jpg.php,UA-sintetico,800000,POST
2025-09-29 10:17:00,198.51.100.25,/reviews/uploads/image.jpg.php,UA-sintetico,800000,POST
2025-09-29 10:18:00,198.51.100.25,/reviews/uploads/image.jpg.php,UA-sintetico,800000,POST
2025-09-29 10:19:00,198.51.100.25,/reviews/uploads/image.jpg.php,UA-sintetico,200000,POST
2025-09-29 10:20:00,198.51.100.25,/reviews/uploads/image.jpg.php,UA-sintetico,200000,POST
2025-09-29 10:21:00,198.51.100.25,/reviews/uploads/image.jpg.php,UA-sintetico,200000,POST
2025-09-29 10:22:00,198.51.100.25,/reviews/uploads/image.jpg.php,UA-sintetico,200000,POST
2025-09-29 10:23:00,198.51.100.25,/reviews/uploads/image.jpg.php,UA-sintetico,200000,POST
2025-09-29 10:24:00,198.51.100.25,/index.php,UA-sintetico,700000,GET
2025-09-29 10:25:00,198.51.100.25,/index.php,UA-sintetico,700000,GET
2025-09-29 10:26:00,198.51.100.25,/index.php,UA-sintetico,700000,GET
2025-09-29 10:27:00,198.51.100.25,/index.php,UA-sintetico,700000,GET
2025-09-29 10:28:00,198.51.100.25,/index.php,UA-sintetico,700000,GET
2025-09-29 10:29:00,198.51.100.25,/index.php,UA-sintetico,150000,GET
2025-09-29 10:30:00,198.51.100.25,/index.php,UA-sintetico,150000,GET
2025-09-29 10:31:00,198.51.100.25,/index.php,UA-sintetico,150000,GET
2025-09-29 10:32:00,198.51.100.25,/index.php,UA-sintetico,150000,GET
2025-09-29 10:33:00,198.51.100.25,/index.php,UA-sintetico,150000,GET
